dataset,contaminant,n_source_studies,source_balanced_predictive_q2_material_inner,source_balanced_predictive_q2_ci_low_material_inner,source_balanced_predictive_q2_ci_high_material_inner,source_balanced_predictive_q2_source_inner,source_balanced_predictive_q2_ci_low_source_inner,source_balanced_predictive_q2_ci_high_source_inner,delta_q2_source_minus_material_inner,material_inner_interval_above_zero,source_inner_interval_above_zero
Dataset I,Cd (II),8,0.338551416974409,-1.0668067376927397,0.7010999773911378,0.2859961077549819,-1.0251416714203962,0.6713935283002269,-0.05255530921942708,False,False
Dataset I,Pb (II),7,0.4968337568492128,-0.4027700113295718,0.6872774532508161,0.4803899671622897,-0.4180826188859463,0.6729367903782627,-0.016443789686923116,False,False
Dataset I,Cu (II),3,0.722437394680212,0.4090844797421828,0.9670115680355535,0.6592362743327781,0.118248874387548,0.9486087599728548,-0.06320112034743386,True,True
Dataset II,Sr (II),4,0.2903185419836556,0.1705307592982233,0.9384090262074828,0.1881918022513989,0.0402007116447097,0.9657833348975462,-0.1021267397322567,True,True
Dataset III,Ibuprofen,5,0.0441757504600559,-1.0386035137283542,0.5353905432601569,0.0080732242113689,-1.0883948663860648,0.4224852664896161,-0.036102526248687004,False,False
Dataset III,CBZ,3,-0.0576046155455631,-2.528198835369126,0.2699415071102184,0.0911383481601512,-0.502379619546865,0.203909911138611,0.1487429637057143,False,False
