dataset,contaminant,n_source_studies,source_balanced_predictive_q2_material_inner,source_balanced_predictive_q2_ci_low_material_inner,source_balanced_predictive_q2_ci_high_material_inner,source_balanced_predictive_q2_source_inner,source_balanced_predictive_q2_ci_low_source_inner,source_balanced_predictive_q2_ci_high_source_inner,delta_q2_source_minus_material_inner,material_inner_interval_above_zero,source_inner_interval_above_zero
Dataset I,Cd (II),8,0.4471050587666255,-0.2386683064379806,0.7023933971546419,0.3279397404606811,-1.0252388366696794,0.7220458651607478,-0.1191653183059444,False,False
Dataset I,Pb (II),7,0.4896379598315837,-0.3600908777673197,0.6825395739401056,0.5442147981202667,-0.3185609357000059,0.7450648523745135,0.05457683828868304,False,False
Dataset I,Cu (II),3,0.7253968424327664,0.1710877044229575,0.9668332236643036,0.6592362743327781,0.118248874387548,0.9486087599728548,-0.06616056809998827,True,True
Dataset II,Sr (II),4,0.1831979971194052,0.0366563223477396,0.9596476068573372,0.1796000964761758,0.0309354349978392,0.9639417777113508,-0.0035979006432294014,True,True
Dataset III,Ibuprofen,5,0.3768604057806193,0.1591979787275685,0.537056120671364,0.0286700775202983,-1.0799657640456095,0.4811350268993437,-0.348190328260321,True,False
Dataset III,CBZ,3,-0.5415831661412551,-5.1894737307628445,0.1007706580494364,0.093175009902239,-0.5518163344079066,0.2636933215954847,0.6347581760434942,False,False
